,Product Id,Product Name,Product Price,Average Rating,Number of Reviews,Product Channel,Product Promotions,product Href,Product Image
0,productCard-prod21064464,Panasonic 1.6 cu. ft. Stainless-Steel Microwave Oven,139,4.695,141,Online,,/sams/1-6-microwave/prod21064464.ip?xid=plp_product_1_1,
1,productCard-prod20295218,Panasonic 2.2 cu. ft. Stainless-Steel Microwave Oven with Inverter Technology,159,4.7455,110,Online,,/sams/2-2cuft-ss-microwave/prod20295218.ip?xid=plp_product_1_2,
2,productCard-prod20361863,Oster 0.9 cu. ft. Digital Microwave Oven,49,3.6667,6,Online,,/sams/oster-microwave-oven-in-club-item-189184/prod20361863.ip?xid=plp_product_1_3,
3,productCard-prod6480185,Sharp Commercial Microwave Oven,,3.8333,12,,Member-only price,/sams/sharp-commercial-microwave-oven/prod6480185.ip?xid=plp_product_1_4,
4,productCard-prod22180130,Galaxy 0.8 cu. ft. Freestanding Microwave Oven,269,1,1,Online only,,/sams/galaxy-freestanding-appliance-combo-microwave-oven-w-grill/prod22180130.ip?xid=plp_product_1_5,
5,productCard-prod21372517,Oster 1.1 cu. ft. Digital Microwave Oven with Sensor (Assorted Colors),69,3.4,5,Online,,/sams/oster-1-1-mwo-white-inclub-980013515/prod21372517.ip?xid=plp_product_1_6,
6,productCard-prod23132793,"SAMSUNG - 2.1 cu. ft. Over The Range Microwave with Sensor Cooking, Tuscan Stainless - ME21R706BAT",,0,0,,,/sams/samsung-over-the-range-microwave-sensor-cook-tuscan-kitchen/prod23132793.ip?xid=plp_product_1_7,
7,productCard-prod22524817,SAMSUNG 2.1 Cu. Ft. Over-the-Range Microwave with Sensor Cook- ME21M706BAG,,4.1176,34,,$74 off with Tech Savings,/sams/samsung-over-range-microwave-sensor-cook-black-me21m706bag/prod22524817.ip?xid=plp_product_1_8,
8,productCard-prod22921149,LG - LMV1831BD - 1.8 Cu Ft Over-the-Range Microwave Oven with EasyClean - Black Stainless Steel,,4.3333,144,,$76 off with Tech Savings,/sams/lg-lmv1831bd-over-the-range-microwave-oven-easyclean/prod22921149.ip?xid=plp_product_1_9,
9,productCard-prod20641369,LG - 2.0 cu.ft. Over-the-Range Microwave Oven - LMV2031ST Stainless Steel,,4.4737,895,,$90.88 off with Tech Savings,/sams/over-range-microwave-microwave-hood/prod20641369.ip?xid=plp_product_1_10,
10,productCard-prod20641372,LG - 2.0 cu.ft. Over-the-Range Microwave Oven - LMV2031BD Black Stainless Steel,,4.4749,897,,$90 off with Tech Savings,/sams/over-range-microwave-microwave-hood/prod20641372.ip?xid=plp_product_1_11,
11,productCard-prod20641374,"LG - Black Stainless Steel Series 2.2 cu.ft. Over-the-Range Microwave Oven -
LMHM2237BD Black Stainless Steel",,4.5117,385,,$80 off with Tech Savings,/sams/over-range-microwave-microwave-hood/prod20641374.ip?xid=plp_product_1_12,
12,productCard-prod22524849,"SAMSUNG 2.1 Cu. Ft. Over-The-Range Microwave with Sensor Cooking Controls, Stainless Steel - ME21M706BAS",,4.3835,678,,$105 off with Tech Savings,/sams/samsung-over-range-microwave-sensor-cook-stainless-steel-me18h704sfs/prod22524849.ip?xid=plp_product_1_13,
13,productCard-prod22524815,"SAMSUNG 2.1 Cu. Ft. Over-The-Range Microwave with Sensor Cook, Black Stainless Steel - ME18H704SFGl - ME21M706BAG",,4.385,678,,$80 off with Tech Savings,/sams/samsung-over-range-microwave-sensor-cook-black-stainless-me18h704sfg/prod22524815.ip?xid=plp_product_1_14,
14,productCard-prod20652894,LG - 2.2. cu. ft. Over-the-Range Microwave Oven - LMHM2237ST Stainless-Steel,,4.5091,383,,$80 off with Tech Savings,/sams/over-range-microwave-microwave-hood/prod20652894.ip?xid=plp_product_1_15,
15,productCard-prod20641368,LG - 1.8 cu.ft. Over-the-Range Microwave Oven - LMV1831ST Stainless Steel,,4.3473,357,,$30.88 off with Tech Savings,/sams/over-range-microwave-microwave-hood/prod20641368.ip?xid=plp_product_1_16,
16,productCard-prod22524814,"SAMSUNG 1.7 Cu. Ft. Over-The-Range Convection Microwave, Stainless Steel - MC17J8000CS",,4.3645,107,,$74 off with Tech Savings,/sams/samsung-over-range-convection-microwave-stainless-steel-mc17j8000cs/prod22524814.ip?xid=plp_product_1_17,
17,productCard-prod22524816,SAMSUNG 2.1 Cu. Ft. Over-the-Range Microwave with Sensor Cooking Controls- ME21M706BAS,,4.1176,34,,$84 off with Tech Savings,/sams/samsung-over-range-microwave-sensor-cook-stainless-me21m706bas/prod22524816.ip?xid=plp_product_1_18,
18,productCard-prod22524813,"SAMSUNG 1.7 Cu. Ft. Over-The-Range Convection Microwave, Black Stainless Steel - MC17J8000CG",,4.3645,107,,$70 off with Tech Savings,/sams/samsung-over-range-convection-microwave-black-stainless-mc17j8000cg/prod22524813.ip?xid=plp_product_1_19,
19,productCard-prod18440456,"Act II Butter Lovers Microwave Popcorn (3 oz., 30 pk.)",7,4.5882,85,Online,,/sams/act-ii-butter-lovers-30-ct/prod18440456.ip?xid=plp_product_1_20,
20,productCard-prod22131120,Mind Reader Microwave Shelf Counter Unit with Hooks,26,0,0,Online only,,/sams/microwave-shelf-counter-shelf/prod22131120.ip?xid=plp_product_1_21,
21,productCard-prod4330529,"Panasonic Microwave Oven With Programmable Timer - 1,000 Watt",269,4.8182,11,Online only,,/sams/microwave-oven-with-programmable-timer-1-000-watt/prod4330529.ip?xid=plp_product_1_22,
22,productCard-prod13130201,Bamboo Top Chrome Wire Kitchen Cart ,77,4.8205,39,Online only,,/sams/mobile-cart-bamboo-top/prod13130201.ip?xid=plp_product_1_23,
23,productCard-prod21240310,Conrad Kitchen Cart (Assorted Colors),269,3.6,5,Online only,,/sams/conrad-kitchen-cart-internal-storage/prod21240310.ip?xid=plp_product_1_24,
24,productCard-prod22131114,Mind Reader Chop Block Mobile Kitchen Cart,,5,1,,Member-only price,/sams/chop-cart-kitchen-cart/prod22131114.ip?xid=plp_product_1_25,
25,productCard-prod1750493,Pop Secret Microwave Popcorn - Movie Theater Butter - 6 bags,5,4.6818,88,Online only,,/sams/pop-secret-microwave-popcorn-movie-theater-butter-6-bags/prod1750493.ip?xid=plp_product_1_26,
26,productCard-prod20840105,LG - Single-Oven Gas Range with EasyClean and Over-the-Range Microwave Oven Bundle -  Black Stainless Steel,,0,0,,$149 off with Tech Savings,/sams/2pc-kitchbndl-2-bss-gasrng-sngleovn-mic/prod20840105.ip?xid=plp_product_1_27,
27,productCard-prod20840109,LG - Single-Oven Electric Range with EasyClean and Over-the-Range Microwave Oven Bundle - Stainless Steel,,0,0,,$110 off with Tech Savings,/sams/2pc-kitchbndl-4-ss-elecrng-snglovn-mic/prod20840109.ip?xid=plp_product_1_28,
28,productCard-prod20840067,LG - Single-Oven Electric Range with EasyClean and Over-the-Range Microwave Oven Bundle - Black Stainless Steel,,0,0,,$130 off with Tech Savings,/sams/2pc-kitchbndl-6-bss-elecrng-snglovn-mic/prod20840067.ip?xid=plp_product_1_29,
29,productCard-prod20840306,"LG - Side-by-Side Refrigerator with Door-in-Door, Single-Oven Gas Range, and Over-the-Range Microwave Bundle - Black Stainless Steel",,0,0,,$350 off with Tech Savings,/sams/3pc-kitchbndl2-bss-grng-sbsref-sglo-mic/prod20840306.ip?xid=plp_product_1_30,
30,productCard-prod20840312,"LG - Large-Capacity 33” Wide Top-Freezer Refrigerator, Single-Oven Gas Range, and Over-the-Range Microwave Bundle - Stainless Steel",,0,0,,$250 off with Tech Savings,/sams/3pc-kitchbndl13-ss-grng-tfr-sglo-mic/prod20840312.ip?xid=plp_product_1_31,
31,productCard-prod20840119,"LG - Electric Double-Oven Range with ProBake Convection, EasyClean and Infrared Grill System with Over-the-Range Microwave Oven Bundle - Stainless Steel",,0,0,,$200 off with Tech Savings,/sams/2pc-kitchbndl-20-ss-elecrng-dbleovn-mic/prod20840119.ip?xid=plp_product_1_32,
32,productCard-prod22570143,"SAMSUNG 3-Door Refrigerator, Flex Duo™ Electric Range, Microwave, and Dishwasher Package - Stainless Steel - RF263BEAESR, ME18H704SFS, NE59M6850SS, DW80K7050US",,0,0,,$953 off with Tech Savings,/sams/samsung-3-door-fridge-flex-electric-range-micro-dishwasher-stainless/prod22570143.ip?xid=plp_product_1_33,
33,productCard-prod22570140,"SAMSUNG Flex Duo™ Electric Range and Microwave Package - Stainless Steel - ME18H704SFS, NE59M6850SS",,0,0,,$281 off with Tech Savings,/sams/samsung-flex-duo-gas-range-microwave-stainless/prod22570140.ip?xid=plp_product_1_34,
34,productCard-prod22570160,"SAMSUNG 3-Door Refrigerator, Electric Range, Microwave, and Dishwasher Package - Black Stainless Steel - RF263BEAESG, ME18H704SFG, NE59M4320SG, DW80K5050UG",,0,0,,$983 off with Tech Savings,/sams/samsung-3-door-fridge-electric-range-microwave-dishwasher-black/prod22570160.ip?xid=plp_product_1_35,
35,productCard-prod22570145,"SAMSUNG Flex Duo™ Gas Range and Microwave Package - Stainless Steel - ME18H704SFS, NX58M6850SS",,0,0,,$311 off with Tech Savings,/sams/samsung-flex-duo-gas-range-microwave-stainless/prod22570145.ip?xid=plp_product_1_36,
36,productCard-prod22570149,"SAMSUNG Family Hub Refrigerator, Electric Range, Microwave, and Dishwasher Package - Stainless Steel - RF263BEAESR, ME18H704SFS, NE59M4320SS, DW80K5050US",,0,0,,$903 off with Tech Savings,/sams/samsung-family-hub-fridge-elec-range-microwave-dishwasher-stainless/prod22570149.ip?xid=plp_product_1_37,
37,productCard-prod20840315,"LG - Side-by-Side Refrigerator with Door-in-Door, Single-Oven Electric Range with EasyClean, and Over-the-Range Microwave Bundle - Stainless Steel",,0,0,,$350 off with Tech Savings,/sams/3pc-kitchbndl7-ss-erng-sbsref-sglo-mic/prod20840315.ip?xid=plp_product_1_38,
38,productCard-prod22570127,"SAMSUNG 3-Door Refrigerator, Flex Duo™ Gas Range, Microwave, and Dishwasher Package - Stainless Steel - RF263BEAESR, ME18H704SFS, NX58M6850SS, DW80K7050US",,0,0,,$1003 off with Tech Savings,/sams/samsung-3-door-fridge-flex-gas-range-micro-dishwasher-stainless/prod22570127.ip?xid=plp_product_1_39,
39,productCard-prod22570153,"SAMSUNG 3-Door Refrigerator, Flex Duo™ Electric Range, Microwave, and Dishwasher Package - Black Stainless Steel - RF263BEAESG, ME18H704SFG, NE59M6850SG, DW80K5050UG",,0,0,,$1103 off with Tech Savings,/sams/samsung-3-door-fridge-flex-elec-range-micro-dishwasher-black/prod22570153.ip?xid=plp_product_1_40,
40,productCard-prod20840116,"LG - Gas Single-Oven Range with ProBake Convection, EasyClean and Warming Drawer and Over-the-Range Microwave Oven with EasyClean Bundle - Stainless Steel",,1,1,,$400 off with Tech Savings,/sams/2pc-kitchbndl-16-ss-gasrng-sngleovn-mic/prod20840116.ip?xid=plp_product_1_41,
41,productCard-prod22570155,"SAMSUNG 3-Door Refrigerator, Flex Duo™ Gas Range, Microwave, and Dishwasher Package - Black Stainless Steel - RF263BEAESG, ME18H704SFG, NX58M6850SG, DW80K7050UG",,0,0,,$1104 off with Tech Savings,/sams/samsung-3-door-fridge-flex-gas-range-micro-dishwasher-black-stainless/prod22570155.ip?xid=plp_product_1_42,
42,productCard-prod20840309,"LG - Side-by-Side Refrigerator with Door-in-Door, Single-Oven Electric Range with EasyClean, and Over-the-Range Microwave Bundle - Black Stainless Steel",,0,0,,$300 off with Tech Savings,/sams/3pc-kitchbndl4-bss-grng-sbsref-sglo-mic/prod20840309.ip?xid=plp_product_1_43,
43,productCard-prod20171428,General Digital Touchpad Control Microwave,198,4.25,4,Online only,,/sams/general-1000wcommmicrowave/prod20171428.ip?xid=plp_product_1_44,
44,productCard-prod22570136,"SAMSUNG Family Hub ™ Refrigerator, Flex Duo™ Electric Range, Microwave, and Dishwasher Package - Stainless Steel - RF265BEAESR, ME18H704SFS, NE59M6850SS, DW80K7050US",,0,0,,$1203 off with Tech Savings,/sams/samsung-family-hub-fridge-flex-elec-range-micro-dishwasher-stainless/prod22570136.ip?xid=plp_product_1_45,
45,productCard-prod22524819,"SAMSUNG 1.8 Cu. Ft. Over-The-Range Microwave with Sensor Cooking Controls, White - ME18H704SFW",,4.384,677,,$70.87 off with Tech Savings,/sams/samsung-over-range-microwave-sensor-cooking-white-me18h704sfw/prod22524819.ip?xid=plp_product_1_46,
46,productCard-prod22524820,"SAMSUNG 1.8 Cu. Ft. Over-The-Range Microwave with Sensor Cooking Controls, Black - ME18H704SFB",,4.384,677,,$70.87 off with Tech Savings,/sams/samsung-over-range-microwave-sensor-cook-black-me18h704sfb/prod22524820.ip?xid=plp_product_1_47,
47,productCard-prod20840104,LG - Electric Single-Oven Range with ProBake Convection and Over-the-Range Microwave Oven with EasyClean Bundle - Stainless Steel,,0,0,,$170 off with Tech Savings,/sams/2pc-kitchbndl-14-ss-elecrng-snglovn-mic/prod20840104.ip?xid=plp_product_1_48,
